DBA Name,Domain Name,DBA Registered Portland,DBA Registered Oregon,Phone Number Portland,Phone Number Seattle,Email,Address Portland,Address Seattle,Total Search Volume
Deck Repair Experts,https://deckrepairexpert.com,TBD,TBD,(503) 885-0236,(206) 555-0100,TBD,TBD,TBD,33840
Chimney Repair Experts,https://woodchimneyrepair.com,TBD,TBD,(503) 885-0236,(206) 555-0100,TBD,TBD,TBD,33330
Siding Repair Experts,https://sidingrepairexperts.com,TBD,TBD,(503) 885-0236,(206) 555-0100,TBD,TBD,TBD,32380
Crawl Space Rot Repair,https://crawlspacerot.com,TBD,TBD,(503) 885-0236,(206) 555-0100,TBD,TBD,TBD,18820
Leak Repair Experts,https://leakingwindow.com,TBD,TBD,(503) 885-0236,(206) 555-0100,TBD,TBD,TBD,6780
Lead Paint Services,https://leadpaintprofessionals.com,TBD,TBD,(503) 885-0236,(206) 555-0100,TBD,TBD,TBD,6070
Flashing Repair Experts,https://flashingrepairs.com,TBD,TBD,(503) 885-0236,(206) 555-0100,TBD,TBD,TBD,3250
Dry Rot Repair Experts,TBD,TBD,TBD,(503) 885-0236,(206) 555-0100,TBD,TBD,TBD,2570
Trim Repair Experts,https://exteriortrimrepairs.com,TBD,TBD,(503) 885-0236,(206) 555-0100,TBD,TBD,TBD,1630
Historic Restoration,https://historicrenovationsnw.com,TBD,TBD,(503) 885-0236,(206) 555-0100,TBD,TBD,TBD,1330
Beam Repair Experts,https://beamrepairexpert.com,TBD,TBD,(503) 885-0236,(206) 555-0100,TBD,TBD,TBD,440
Mold Testing Experts,https://moldtestingexperts.com,TBD,TBD,(503) 885-0236,(206) 555-0100,TBD,TBD,TBD,8900
